{
  "precision": 0.7540650406504065,
  "recall": 0.6832412523020258,
  "f1": 0.7169082125603864,
  "accuracy": 0.9869998682419079
}