{
  "train": {
    "train_runtime": 457.6108,
    "train_samples_per_second": 199.44,
    "train_steps_per_second": 12.469,
    "total_flos": 739300663461522.0,
    "train_loss": 0.3454657223949172,
    "epoch": 4.0
  },
  "eval": {
    "eval_loss": 0.3432466387748718,
    "eval_precision": 0.7277580071174378,
    "eval_recall": 0.6471518987341772,
    "eval_f1": 0.6850921273031826,
    "eval_accuracy": 0.9836008776995034,
    "eval_runtime": 26.0345,
    "eval_samples_per_second": 112.773,
    "eval_steps_per_second": 7.068,
    "epoch": 4.0
  }
}