{
  "precision": 0.6716417910447762,
  "recall": 0.7431192660550459,
  "f1": 0.705574912891986,
  "accuracy": 0.985528569546313
}