{
  "ERROR": {
    "precision": 0.09090909090909091,
    "recall": 0.05555555555555555,
    "f1": 0.06896551724137931,
    "number": 18.0
  },
  "HARDWARE": {
    "precision": 0.7272727272727273,
    "recall": 0.6037735849056604,
    "f1": 0.6597938144329897,
    "number": 53.0
  },
  "OS": {
    "precision": 0.8055555555555556,
    "recall": 0.8787878787878788,
    "f1": 0.8405797101449276,
    "number": 66.0
  },
  "SOFTWARE": {
    "precision": 0.7433862433862434,
    "recall": 0.6706443914081146,
    "f1": 0.7051442910915935,
    "number": 838.0
  },
  "VERSION": {
    "precision": 0.8811881188118812,
    "recall": 0.8018018018018018,
    "f1": 0.8396226415094339,
    "number": 111.0
  }
}