{
  "ERROR": {
    "precision": 0.0,
    "recall": 0.0,
    "f1": 0.0,
    "number": 18.0
  },
  "HARDWARE": {
    "precision": 0.5853658536585366,
    "recall": 0.4528301886792453,
    "f1": 0.5106382978723404,
    "number": 53.0
  },
  "OS": {
    "precision": 0.7468354430379747,
    "recall": 0.8939393939393939,
    "f1": 0.8137931034482758,
    "number": 66.0
  },
  "SOFTWARE": {
    "precision": 0.6480730223123732,
    "recall": 0.7589073634204275,
    "f1": 0.6991247264770241,
    "number": 842.0
  },
  "VERSION": {
    "precision": 0.88,
    "recall": 0.7927927927927928,
    "f1": 0.8341232227488151,
    "number": 111.0
  }
}