{
  "precision": 0.453781512605042,
  "recall": 0.29724770642201837,
  "f1": 0.35920177383592017,
  "accuracy": 0.9763274627783389
}