{
  "precision": 0.6943268416596104,
  "recall": 0.7550644567219152,
  "f1": 0.7234230260255844,
  "accuracy": 0.9871316263340507
}