{
  "ERROR": {
    "precision": 0.07692307692307693,
    "recall": 0.05555555555555555,
    "f1": 0.06451612903225808,
    "number": 18.0
  },
  "HARDWARE": {
    "precision": 0.7291666666666666,
    "recall": 0.660377358490566,
    "f1": 0.693069306930693,
    "number": 53.0
  },
  "OS": {
    "precision": 0.7972972972972973,
    "recall": 0.8939393939393939,
    "f1": 0.8428571428571429,
    "number": 66.0
  },
  "SOFTWARE": {
    "precision": 0.6781115879828327,
    "recall": 0.7541766109785203,
    "f1": 0.7141242937853107,
    "number": 838.0
  },
  "VERSION": {
    "precision": 0.8157894736842105,
    "recall": 0.8378378378378378,
    "f1": 0.8266666666666665,
    "number": 111.0
  }
}