{
  "train": {
    "train_runtime": 1007.5572,
    "train_samples_per_second": 90.581,
    "train_steps_per_second": 5.663,
    "total_flos": 1848037450928178.0,
    "train_loss": 0.3320469805118789,
    "epoch": 5.0
  },
  "eval": {
    "eval_loss": 0.34179940819740295,
    "eval_precision": 0.7682619647355163,
    "eval_recall": 0.7238924050632911,
    "eval_f1": 0.745417515274949,
    "eval_accuracy": 0.9860491973669014,
    "eval_runtime": 24.8138,
    "eval_samples_per_second": 118.321,
    "eval_steps_per_second": 7.415,
    "epoch": 5.0
  }
}