{
  "precision": 0.7481203007518797,
  "recall": 0.7329650092081031,
  "f1": 0.7404651162790699,
  "accuracy": 0.9880100136150028
}