{
  "precision": 0.636568848758465,
  "recall": 0.7761467889908257,
  "f1": 0.6994625878462174,
  "accuracy": 0.9849795774957179
}