{
  "ERROR": {
    "precision": 0.21428571428571427,
    "recall": 0.16666666666666666,
    "f1": 0.1875,
    "number": 18.0
  },
  "HARDWARE": {
    "precision": 0.7659574468085106,
    "recall": 0.6792452830188679,
    "f1": 0.72,
    "number": 53.0
  },
  "OS": {
    "precision": 0.7972972972972973,
    "recall": 0.8939393939393939,
    "f1": 0.8428571428571429,
    "number": 66.0
  },
  "SOFTWARE": {
    "precision": 0.7414634146341463,
    "recall": 0.7255369928400954,
    "f1": 0.7334137515078407,
    "number": 838.0
  },
  "VERSION": {
    "precision": 0.8256880733944955,
    "recall": 0.8108108108108109,
    "f1": 0.8181818181818182,
    "number": 111.0
  }
}