{
  "ERROR": {
    "precision": 0.0,
    "recall": 0.0,
    "f1": 0.0,
    "number": 18.0
  },
  "HARDWARE": {
    "precision": 0.7142857142857143,
    "recall": 0.5660377358490566,
    "f1": 0.631578947368421,
    "number": 53.0
  },
  "OS": {
    "precision": 0.7272727272727273,
    "recall": 0.8484848484848485,
    "f1": 0.7832167832167832,
    "number": 66.0
  },
  "SOFTWARE": {
    "precision": 0.6082191780821918,
    "recall": 0.7909738717339667,
    "f1": 0.6876613319566339,
    "number": 842.0
  },
  "VERSION": {
    "precision": 0.8173913043478261,
    "recall": 0.8468468468468469,
    "f1": 0.8318584070796462,
    "number": 111.0
  }
}